Company Name,Website,Justification
Telstra Health,https://www.telstrahealth.com,Major digital health provider in Australia; actively hiring tech talent; provides healthcare software solutions; has significant budget for sponsorship.
Medibank,https://www.medibank.com.au,Large health insurer with digital transformation initiatives; hiring technical talent; benefits from brand exposure to future healthcare professionals.
CSL Limited,https://www.csl.com,Global biotech company headquartered in Melbourne; substantial resources; actively recruiting technical talent for digital transformation.
Siemens Healthineers,https://www.siemens-healthineers.com/au,Medical technology company with Melbourne presence; hiring technical talent; benefits from exposure to future medical professionals.
Philips Healthcare,https://www.philips.com.au/healthcare,Major medical device and health tech company; Melbourne office; actively expanding digital health solutions.
ResMed,https://www.resmed.com.au,Digital health and medical device company; strong Melbourne presence; actively hiring software developers and data scientists.
Cochlear,https://www.cochlear.com,Medical device company with digital health initiatives; benefits from exposure to medical students; hiring technical talent.
MYOB,https://www.myob.com,Expanding into healthcare practice management; hiring technical talent; benefits from industry exposure.
HealthEngine,https://healthengine.com.au,Healthcare booking platform; actively hiring developers; benefits from healthcare industry networking.
Cogstate,https://www.cogstate.com,Digital cognitive assessment company; Melbourne-based; hiring technical talent for healthcare solutions.
Pro Medicus,https://www.promedicus.com.au,Healthcare imaging software company; Melbourne-headquartered; hiring technical talent.
Fred IT Group,https://www.fred.com.au,Healthcare software provider; Melbourne-based; actively expanding digital health solutions.
Citadel Health,https://citadelhealth.com.au,Healthcare software solutions provider; benefits from exposure to future clinicians; hiring technical talent.
Planet Innovation,https://planetinnovation.com,Healthcare technology company; Melbourne-based; actively hiring and expanding digital health solutions.
AWS Healthcare,https://aws.amazon.com/health,Cloud provider with strong healthcare focus; Melbourne presence; actively hiring technical talent; benefits from developer relations.
Microsoft Healthcare,https://www.microsoft.com/en-au/industry/health,Cloud and AI solutions for healthcare; Melbourne office; hiring technical talent; benefits from developer ecosystem growth.
Google Cloud Healthcare,https://cloud.google.com/healthcare,Cloud healthcare solutions; Melbourne presence; hiring technical talent; benefits from developer relations.
DXC Technology,https://dxc.com/au/en/industries/healthcare,Healthcare IT services provider; Melbourne office; actively hiring; benefits from healthcare industry networking.
Deloitte Digital Health,https://www2.deloitte.com/au/en/pages/life-sciences-and-healthcare/topics/health.html,Consulting firm with healthcare practice; Melbourne office; major recruiter of technical talent.
PwC Digital Health,https://www.pwc.com.au/healthcare,Consulting firm with healthcare practice; Melbourne office; actively hiring technical talent.
Accenture Health,https://www.accenture.com/au-en/industries/health-index,Consulting firm with healthcare practice; Melbourne office; major recruiter of technical talent.
McKinsey Digital Health,https://www.mckinsey.com/industries/healthcare/our-insights,Consulting firm with healthcare practice; Melbourne office; actively hiring technical talent.
KPMG Healthcare,https://home.kpmg/au/en/home/industries/healthcare.html,Consulting firm with healthcare practice; Melbourne office; benefits from healthcare industry exposure.
Optus Health,https://www.optus.com.au/enterprise/industries/health,Telecommunications provider expanding in healthcare; Melbourne presence; hiring technical talent.
IBM Watson Health,https://www.ibm.com/watson-health,Healthcare AI solutions; Melbourne office; hiring technical talent; benefits from healthcare industry exposure.
Oracle Healthcare,https://www.oracle.com/au/industries/healthcare,Healthcare software solutions; Melbourne office; hiring technical talent; benefits from industry exposure.
Fujitsu Healthcare,https://www.fujitsu.com/au/solutions/industry/healthcare,Healthcare technology solutions; Melbourne presence; hiring technical talent.
Epic Systems,https://www.epic.com,Healthcare software provider; expanding in Melbourne; benefits from exposure to future medical professionals.
Cerner,https://www.cerner.com,Healthcare information systems; Melbourne presence; hiring technical talent; benefits from healthcare networking.
Allscripts,https://www.allscripts.com,Healthcare IT solutions; Melbourne office; hiring technical talent; benefits from industry exposure.
GE Healthcare,https://www.gehealthcare.com.au,Medical technology and digital solutions; Melbourne presence; hiring technical talent.
Stryker,https://www.stryker.com/au/en/index.html,Medical technology company; Melbourne office; digital health initiatives; hiring technical talent.
Johnson & Johnson Medical,https://www.jnjmedicaldevices.com/en-AU,Medical devices with digital health solutions; Melbourne presence; benefits from medical student exposure.
Medtronic,https://www.medtronic.com/au-en/index.html,Medical technology company; Melbourne office; digital health initiatives; hiring technical talent.
Smith & Nephew,https://www.smith-nephew.com/australia,Medical technology company; Melbourne presence; digital health solutions; hiring technical talent.
Boston Scientific,https://www.bostonscientific.com/en-AU/Home.html,Medical device company; Melbourne office; digital health initiatives; hiring technical talent.
BD (Becton Dickinson),https://www.bd.com/en-au,Medical technology company; Melbourne presence; digital health solutions; hiring technical talent.
Fresenius Medical Care,https://www.freseniusmedicalcare.com.au,Healthcare provider; Melbourne presence; digital health initiatives; hiring technical talent.
Roche Diagnostics,https://www.roche.com.au,Healthcare diagnostics; Melbourne office; digital health solutions; hiring technical talent.
Abbott Laboratories,https://www.abbott.com/abbott-in-australia.html,Medical devices and diagnostics; Melbourne presence; digital initiatives; hiring technical talent.
Baxter Healthcare,https://www.baxterhealthcare.com.au,Medical products company; Melbourne office; digital health solutions; hiring technical talent.
Bupa,https://www.bupa.com.au,Health insurance and healthcare provider; Melbourne presence; digital transformation initiatives.
NIB Health Funds,https://www.nib.com.au,Health insurance provider; Melbourne presence; digital health initiatives; hiring technical talent.
HCF,https://www.hcf.com.au,Health insurance provider; Melbourne office; digital transformation focus; hiring technical talent.
Sigma Healthcare,https://www.sigmahealthcare.com.au,Healthcare distribution and pharmacy services; Melbourne-based; digital initiatives.
Australian Unity,https://www.australianunity.com.au/health-insurance,Healthcare and insurance provider; Melbourne-based; digital transformation focus.
Melbourne Health,https://www.thermh.org.au/about/about-melbourne-health,Public health service; digital transformation focus; research partnerships.
AstraZeneca,https://www.astrazeneca.com.au,Pharmaceutical company; Melbourne presence; digital health initiatives.
Pfizer Australia,https://www.pfizer.com.au,Pharmaceutical company; Melbourne office; digital health focus.
MSD Australia,https://www.msd-australia.com.au,Pharmaceutical company; Melbourne presence; digital health initiatives.
Novartis Australia,https://www.novartis.com.au,Pharmaceutical company; Melbourne office; digital health solutions.
Healthcare Logic,https://healthcarelogic.com,Healthcare analytics company; Melbourne presence; hiring technical talent.
NextGen Healthcare,https://www.nextgen.com,Healthcare software provider; Melbourne presence; hiring technical talent.
Medical Director,https://www.medicaldirector.com,Healthcare software provider; Melbourne office; benefits from clinician exposure.
Best Practice Software,https://bpsoftware.net,Medical practice software; Melbourne presence; benefits from medical student exposure.
Genie Solutions,https://www.geniesolutions.com.au,Medical practice software; Melbourne presence; benefits from healthcare networking.
MedicalDirector,https://www.medicaldirector.com,Healthcare software provider; Melbourne presence; hiring technical talent.
Clintel Systems,https://www.clintel.com.au,Healthcare software provider; Melbourne-based; benefits from industry exposure.
Global Health Limited,https://www.global-health.com,Healthcare software provider; Melbourne-based; digital health focus.
Alcidion,https://www.alcidion.com,Healthcare informatics company; Melbourne presence; hiring technical talent.
DoseMe,https://doseme-rx.com,Healthcare software provider; Melbourne presence; benefits from clinician exposure.
Harrison.ai,https://harrison.ai,Healthcare AI company; Melbourne presence; hiring technical talent.
Annalise.ai,https://annalise.ai,Medical AI company; Melbourne presence; hiring technical talent.
Maxwell Plus,https://maxwellplus.com,Healthcare AI company; Melbourne presence; hiring technical talent.
Tyde,https://tyde.com,Digital health platform; Melbourne-based; hiring technical talent.
Eucalyptus,https://eucalyptus.vc,Digital health company; Melbourne presence; hiring technical talent.
HealthMatch,https://healthmatch.io,Clinical trial platform; Melbourne presence; benefits from healthcare network.
Caretech Services,https://www.caretech.com.au,Healthcare technology provider; Melbourne-based; hiring technical talent.
Clinic to Cloud,https://clinictocloud.com,Healthcare practice software; Melbourne presence; benefits from clinician exposure.
Health Metrics,https://healthmetrics.com.au,Healthcare software provider; Melbourne-based; hiring technical talent.
StethoCloud,https://www.stethocloud.com,Digital health startup; Melbourne-based; hiring technical talent.
MedAdvisor,https://www.medadvisor.com.au,Digital health platform; Melbourne-based; hiring technical talent.
HotDoc,https://www.hotdoc.com.au,Healthcare booking platform; Melbourne-based; benefits from clinician exposure.
Personify Care,https://personifycare.com,Digital health platform; Melbourne presence; hiring technical talent.
Lumary,https://lumary.com.au,Healthcare management software; Melbourne presence; hiring technical talent.
Curve Tomorrow,https://www.curvetomorrow.com.au,Digital health innovation company; Melbourne-based; hiring technical talent.
Perx Health,https://www.perxhealth.com,Digital health platform; Melbourne presence; hiring technical talent.
Health.com.au,https://health.com.au,Digital health insurance; Melbourne-based; hiring technical talent.
Coviu,https://www.coviu.com,Telehealth platform; Melbourne presence; hiring technical talent.
CancerAid,https://canceraid.com,Healthcare app developer; Melbourne presence; benefits from medical exposure.
Smileyscope,https://www.smileyscope.com,Virtual reality healthcare; Melbourne-based; hiring technical talent.
CorePlus,https://coreplus.com.au,Practice management software; Melbourne-based; benefits from clinician exposure.
VISIS,https://visis.com.au,Healthcare imaging software; Melbourne-based; hiring technical talent.
LifeWhisperer,https://www.lifewhisperer.com,AI healthcare company; Melbourne presence; hiring technical talent.
InstantScripts,https://www.instantscripts.com.au,Digital health platform; Melbourne-based; benefits from medical exposure.
Medtasker,https://medtasker.com,Clinical communication platform; Melbourne-based; benefits from hospital exposure.
Gather Analytics,https://www.gatheranalytics.com.au,Healthcare analytics; Melbourne-based; hiring technical talent.
Clinical Genomics,https://www.clinicalgenomics.com,Healthcare diagnostics; Melbourne presence; hiring technical talent.
Lumos,https://lumos.co,Healthcare analytics platform; Melbourne-based; hiring technical talent.
Medipass,https://medipass.com.au,Healthcare payments platform; Melbourne-based; benefits from industry exposure.
Doctrine Health,https://doctrinehealth.com,Digital health platform; Melbourne-based; hiring technical talent.
BioGrid Australia,https://www.biogrid.org.au,Health data platform; Melbourne-based; research partnerships.
Total Face Group,https://totalfacegroup.com.au,Healthcare provider; Melbourne-based; digital transformation focus.

